areaCode,areaName,areaType,date,cumDailyNsoDeathsByDeathDate
K02000001,United Kingdom,overview,2023-01-13,217262
K02000001,United Kingdom,overview,2023-01-12,217230
K02000001,United Kingdom,overview,2023-01-11,217166
K02000001,United Kingdom,overview,2023-01-10,217120
K02000001,United Kingdom,overview,2023-01-09,217048
K02000001,United Kingdom,overview,2023-01-08,216947
K02000001,United Kingdom,overview,2023-01-07,216850
K02000001,United Kingdom,overview,2023-01-06,216758
K02000001,United Kingdom,overview,2023-01-05,216663
K02000001,United Kingdom,overview,2023-01-04,216539
K02000001,United Kingdom,overview,2023-01-03,216412
K02000001,United Kingdom,overview,2023-01-02,216300
K02000001,United Kingdom,overview,2023-01-01,216180
K02000001,United Kingdom,overview,2022-12-31,216070
K02000001,United Kingdom,overview,2022-12-30,215933
K02000001,United Kingdom,overview,2022-12-29,215793
K02000001,United Kingdom,overview,2022-12-28,215671
K02000001,United Kingdom,overview,2022-12-27,215548
K02000001,United Kingdom,overview,2022-12-26,215419
K02000001,United Kingdom,overview,2022-12-25,215298
K02000001,United Kingdom,overview,2022-12-24,215179
K02000001,United Kingdom,overview,2022-12-23,215043
K02000001,United Kingdom,overview,2022-12-22,214932
K02000001,United Kingdom,overview,2022-12-21,214823
K02000001,United Kingdom,overview,2022-12-20,214720
K02000001,United Kingdom,overview,2022-12-19,214617
K02000001,United Kingdom,overview,2022-12-18,214509
K02000001,United Kingdom,overview,2022-12-17,214419
K02000001,United Kingdom,overview,2022-12-16,214334
K02000001,United Kingdom,overview,2022-12-15,214248
K02000001,United Kingdom,overview,2022-12-14,214191
K02000001,United Kingdom,overview,2022-12-13,214099
K02000001,United Kingdom,overview,2022-12-12,214034
K02000001,United Kingdom,overview,2022-12-11,213969
K02000001,United Kingdom,overview,2022-12-10,213903
K02000001,United Kingdom,overview,2022-12-09,213839
K02000001,United Kingdom,overview,2022-12-08,213769
K02000001,United Kingdom,overview,2022-12-07,213702
K02000001,United Kingdom,overview,2022-12-06,213643
K02000001,United Kingdom,overview,2022-12-05,213573
K02000001,United Kingdom,overview,2022-12-04,213515
K02000001,United Kingdom,overview,2022-12-03,213467
K02000001,United Kingdom,overview,2022-12-02,213413
K02000001,United Kingdom,overview,2022-12-01,213364
K02000001,United Kingdom,overview,2022-11-30,213311
K02000001,United Kingdom,overview,2022-11-29,213266
K02000001,United Kingdom,overview,2022-11-28,213214
K02000001,United Kingdom,overview,2022-11-27,213155
K02000001,United Kingdom,overview,2022-11-26,213101
K02000001,United Kingdom,overview,2022-11-25,213057
K02000001,United Kingdom,overview,2022-11-24,213014
K02000001,United Kingdom,overview,2022-11-23,212967
K02000001,United Kingdom,overview,2022-11-22,212910
K02000001,United Kingdom,overview,2022-11-21,212856
K02000001,United Kingdom,overview,2022-11-20,212804
K02000001,United Kingdom,overview,2022-11-19,212744
K02000001,United Kingdom,overview,2022-11-18,212690
K02000001,United Kingdom,overview,2022-11-17,212633
K02000001,United Kingdom,overview,2022-11-16,212581
K02000001,United Kingdom,overview,2022-11-15,212527
K02000001,United Kingdom,overview,2022-11-14,212464
K02000001,United Kingdom,overview,2022-11-13,212405
K02000001,United Kingdom,overview,2022-11-12,212349
K02000001,United Kingdom,overview,2022-11-11,212305
K02000001,United Kingdom,overview,2022-11-10,212235
K02000001,United Kingdom,overview,2022-11-09,212182
K02000001,United Kingdom,overview,2022-11-08,212119
K02000001,United Kingdom,overview,2022-11-07,212060
K02000001,United Kingdom,overview,2022-11-06,211984
K02000001,United Kingdom,overview,2022-11-05,211928
K02000001,United Kingdom,overview,2022-11-04,211853
K02000001,United Kingdom,overview,2022-11-03,211759
K02000001,United Kingdom,overview,2022-11-02,211675
K02000001,United Kingdom,overview,2022-11-01,211598
K02000001,United Kingdom,overview,2022-10-31,211513
K02000001,United Kingdom,overview,2022-10-30,211431
K02000001,United Kingdom,overview,2022-10-29,211334
K02000001,United Kingdom,overview,2022-10-28,211241
K02000001,United Kingdom,overview,2022-10-27,211155
K02000001,United Kingdom,overview,2022-10-26,211050
K02000001,United Kingdom,overview,2022-10-25,210960
K02000001,United Kingdom,overview,2022-10-24,210850
K02000001,United Kingdom,overview,2022-10-23,210748
K02000001,United Kingdom,overview,2022-10-22,210648
K02000001,United Kingdom,overview,2022-10-21,210537
K02000001,United Kingdom,overview,2022-10-20,210435
K02000001,United Kingdom,overview,2022-10-19,210317
K02000001,United Kingdom,overview,2022-10-18,210215
K02000001,United Kingdom,overview,2022-10-17,210109
K02000001,United Kingdom,overview,2022-10-16,209994
K02000001,United Kingdom,overview,2022-10-15,209890
K02000001,United Kingdom,overview,2022-10-14,209784
K02000001,United Kingdom,overview,2022-10-13,209672
K02000001,United Kingdom,overview,2022-10-12,209562
K02000001,United Kingdom,overview,2022-10-11,209438
K02000001,United Kingdom,overview,2022-10-10,209337
K02000001,United Kingdom,overview,2022-10-09,209248
K02000001,United Kingdom,overview,2022-10-08,209151
K02000001,United Kingdom,overview,2022-10-07,209061
K02000001,United Kingdom,overview,2022-10-06,208963
K02000001,United Kingdom,overview,2022-10-05,208871
K02000001,United Kingdom,overview,2022-10-04,208773
K02000001,United Kingdom,overview,2022-10-03,208683
K02000001,United Kingdom,overview,2022-10-02,208601
K02000001,United Kingdom,overview,2022-10-01,208539
K02000001,United Kingdom,overview,2022-09-30,208462
K02000001,United Kingdom,overview,2022-09-29,208399
K02000001,United Kingdom,overview,2022-09-28,208332
K02000001,United Kingdom,overview,2022-09-27,208274
K02000001,United Kingdom,overview,2022-09-26,208207
K02000001,United Kingdom,overview,2022-09-25,208145
K02000001,United Kingdom,overview,2022-09-24,208105
K02000001,United Kingdom,overview,2022-09-23,208056
K02000001,United Kingdom,overview,2022-09-22,208003
K02000001,United Kingdom,overview,2022-09-21,207953
K02000001,United Kingdom,overview,2022-09-20,207916
K02000001,United Kingdom,overview,2022-09-19,207868
K02000001,United Kingdom,overview,2022-09-18,207820
K02000001,United Kingdom,overview,2022-09-17,207781
K02000001,United Kingdom,overview,2022-09-16,207741
K02000001,United Kingdom,overview,2022-09-15,207704
K02000001,United Kingdom,overview,2022-09-14,207657
K02000001,United Kingdom,overview,2022-09-13,207614
K02000001,United Kingdom,overview,2022-09-12,207566
K02000001,United Kingdom,overview,2022-09-11,207524
K02000001,United Kingdom,overview,2022-09-10,207494
K02000001,United Kingdom,overview,2022-09-09,207451
K02000001,United Kingdom,overview,2022-09-08,207414
K02000001,United Kingdom,overview,2022-09-07,207369
K02000001,United Kingdom,overview,2022-09-06,207311
K02000001,United Kingdom,overview,2022-09-05,207273
K02000001,United Kingdom,overview,2022-09-04,207234
K02000001,United Kingdom,overview,2022-09-03,207189
K02000001,United Kingdom,overview,2022-09-02,207135
K02000001,United Kingdom,overview,2022-09-01,207088
K02000001,United Kingdom,overview,2022-08-31,207045
K02000001,United Kingdom,overview,2022-08-30,206971
K02000001,United Kingdom,overview,2022-08-29,206928
K02000001,United Kingdom,overview,2022-08-28,206874
K02000001,United Kingdom,overview,2022-08-27,206813
K02000001,United Kingdom,overview,2022-08-26,206756
K02000001,United Kingdom,overview,2022-08-25,206714
K02000001,United Kingdom,overview,2022-08-24,206666
K02000001,United Kingdom,overview,2022-08-23,206614
K02000001,United Kingdom,overview,2022-08-22,206536
K02000001,United Kingdom,overview,2022-08-21,206473
K02000001,United Kingdom,overview,2022-08-20,206414
K02000001,United Kingdom,overview,2022-08-19,206339
K02000001,United Kingdom,overview,2022-08-18,206271
K02000001,United Kingdom,overview,2022-08-17,206209
K02000001,United Kingdom,overview,2022-08-16,206153
K02000001,United Kingdom,overview,2022-08-15,206084
K02000001,United Kingdom,overview,2022-08-14,205996
K02000001,United Kingdom,overview,2022-08-13,205906
K02000001,United Kingdom,overview,2022-08-12,205817
K02000001,United Kingdom,overview,2022-08-11,205713
K02000001,United Kingdom,overview,2022-08-10,205614
K02000001,United Kingdom,overview,2022-08-09,205540
K02000001,United Kingdom,overview,2022-08-08,205452
K02000001,United Kingdom,overview,2022-08-07,205355
K02000001,United Kingdom,overview,2022-08-06,205257
K02000001,United Kingdom,overview,2022-08-05,205191
K02000001,United Kingdom,overview,2022-08-04,205108
K02000001,United Kingdom,overview,2022-08-03,205025
K02000001,United Kingdom,overview,2022-08-02,204919
K02000001,United Kingdom,overview,2022-08-01,204818
K02000001,United Kingdom,overview,2022-07-31,204725
K02000001,United Kingdom,overview,2022-07-30,204629
K02000001,United Kingdom,overview,2022-07-29,204553
K02000001,United Kingdom,overview,2022-07-28,204439
K02000001,United Kingdom,overview,2022-07-27,204317
K02000001,United Kingdom,overview,2022-07-26,204203
K02000001,United Kingdom,overview,2022-07-25,204083
K02000001,United Kingdom,overview,2022-07-24,203970
K02000001,United Kingdom,overview,2022-07-23,203840
K02000001,United Kingdom,overview,2022-07-22,203715
K02000001,United Kingdom,overview,2022-07-21,203599
K02000001,United Kingdom,overview,2022-07-20,203474
K02000001,United Kingdom,overview,2022-07-19,203286
K02000001,United Kingdom,overview,2022-07-18,203067
K02000001,United Kingdom,overview,2022-07-17,202942
K02000001,United Kingdom,overview,2022-07-16,202784
K02000001,United Kingdom,overview,2022-07-15,202670
K02000001,United Kingdom,overview,2022-07-14,202567
K02000001,United Kingdom,overview,2022-07-13,202442
K02000001,United Kingdom,overview,2022-07-12,202308
K02000001,United Kingdom,overview,2022-07-11,202160
K02000001,United Kingdom,overview,2022-07-10,202034
K02000001,United Kingdom,overview,2022-07-09,201918
K02000001,United Kingdom,overview,2022-07-08,201814
K02000001,United Kingdom,overview,2022-07-07,201706
K02000001,United Kingdom,overview,2022-07-06,201606
K02000001,United Kingdom,overview,2022-07-05,201493
K02000001,United Kingdom,overview,2022-07-04,201392
K02000001,United Kingdom,overview,2022-07-03,201304
K02000001,United Kingdom,overview,2022-07-02,201236
K02000001,United Kingdom,overview,2022-07-01,201146
K02000001,United Kingdom,overview,2022-06-30,201068
K02000001,United Kingdom,overview,2022-06-29,200993
K02000001,United Kingdom,overview,2022-06-28,200909
K02000001,United Kingdom,overview,2022-06-27,200839
K02000001,United Kingdom,overview,2022-06-26,200777
K02000001,United Kingdom,overview,2022-06-25,200709
K02000001,United Kingdom,overview,2022-06-24,200639
K02000001,United Kingdom,overview,2022-06-23,200592
K02000001,United Kingdom,overview,2022-06-22,200532
K02000001,United Kingdom,overview,2022-06-21,200461
K02000001,United Kingdom,overview,2022-06-20,200403
K02000001,United Kingdom,overview,2022-06-19,200355
K02000001,United Kingdom,overview,2022-06-18,200310
K02000001,United Kingdom,overview,2022-06-17,200266
K02000001,United Kingdom,overview,2022-06-16,200222
K02000001,United Kingdom,overview,2022-06-15,200167
K02000001,United Kingdom,overview,2022-06-14,200123
K02000001,United Kingdom,overview,2022-06-13,200088
K02000001,United Kingdom,overview,2022-06-12,200049
K02000001,United Kingdom,overview,2022-06-11,200006
K02000001,United Kingdom,overview,2022-06-10,199973
K02000001,United Kingdom,overview,2022-06-09,199929
K02000001,United Kingdom,overview,2022-06-08,199902
K02000001,United Kingdom,overview,2022-06-07,199860
K02000001,United Kingdom,overview,2022-06-06,199828
K02000001,United Kingdom,overview,2022-06-05,199786
K02000001,United Kingdom,overview,2022-06-04,199756
K02000001,United Kingdom,overview,2022-06-03,199718
K02000001,United Kingdom,overview,2022-06-02,199690
K02000001,United Kingdom,overview,2022-06-01,199643
K02000001,United Kingdom,overview,2022-05-31,199617
K02000001,United Kingdom,overview,2022-05-30,199568
K02000001,United Kingdom,overview,2022-05-29,199517
K02000001,United Kingdom,overview,2022-05-28,199489
K02000001,United Kingdom,overview,2022-05-27,199455
K02000001,United Kingdom,overview,2022-05-26,199410
K02000001,United Kingdom,overview,2022-05-25,199366
K02000001,United Kingdom,overview,2022-05-24,199332
K02000001,United Kingdom,overview,2022-05-23,199281
K02000001,United Kingdom,overview,2022-05-22,199219
K02000001,United Kingdom,overview,2022-05-21,199161
K02000001,United Kingdom,overview,2022-05-20,199112
K02000001,United Kingdom,overview,2022-05-19,199040
K02000001,United Kingdom,overview,2022-05-18,198994
K02000001,United Kingdom,overview,2022-05-17,198948
K02000001,United Kingdom,overview,2022-05-16,198876
K02000001,United Kingdom,overview,2022-05-15,198810
K02000001,United Kingdom,overview,2022-05-14,198738
K02000001,United Kingdom,overview,2022-05-13,198673
K02000001,United Kingdom,overview,2022-05-12,198601
K02000001,United Kingdom,overview,2022-05-11,198531
K02000001,United Kingdom,overview,2022-05-10,198452
K02000001,United Kingdom,overview,2022-05-09,198353
K02000001,United Kingdom,overview,2022-05-08,198271
K02000001,United Kingdom,overview,2022-05-07,198189
K02000001,United Kingdom,overview,2022-05-06,198086
K02000001,United Kingdom,overview,2022-05-05,197990
K02000001,United Kingdom,overview,2022-05-04,197906
K02000001,United Kingdom,overview,2022-05-03,197816
K02000001,United Kingdom,overview,2022-05-02,197711
K02000001,United Kingdom,overview,2022-05-01,197603
K02000001,United Kingdom,overview,2022-04-30,197490
K02000001,United Kingdom,overview,2022-04-29,197383
K02000001,United Kingdom,overview,2022-04-28,197275
K02000001,United Kingdom,overview,2022-04-27,197145
K02000001,United Kingdom,overview,2022-04-26,197012
K02000001,United Kingdom,overview,2022-04-25,196888
K02000001,United Kingdom,overview,2022-04-24,196759
K02000001,United Kingdom,overview,2022-04-23,196629
K02000001,United Kingdom,overview,2022-04-22,196484
K02000001,United Kingdom,overview,2022-04-21,196333
K02000001,United Kingdom,overview,2022-04-20,196172
K02000001,United Kingdom,overview,2022-04-19,196014
K02000001,United Kingdom,overview,2022-04-18,195857
K02000001,United Kingdom,overview,2022-04-17,195685
K02000001,United Kingdom,overview,2022-04-16,195525
K02000001,United Kingdom,overview,2022-04-15,195361
K02000001,United Kingdom,overview,2022-04-14,195191
K02000001,United Kingdom,overview,2022-04-13,195000
K02000001,United Kingdom,overview,2022-04-12,194781
K02000001,United Kingdom,overview,2022-04-11,194584
K02000001,United Kingdom,overview,2022-04-10,194399
K02000001,United Kingdom,overview,2022-04-09,194202
K02000001,United Kingdom,overview,2022-04-08,194029
K02000001,United Kingdom,overview,2022-04-07,193793
K02000001,United Kingdom,overview,2022-04-06,193562
K02000001,United Kingdom,overview,2022-04-05,193367
K02000001,United Kingdom,overview,2022-04-04,193167
K02000001,United Kingdom,overview,2022-04-03,192992
K02000001,United Kingdom,overview,2022-04-02,192803
K02000001,United Kingdom,overview,2022-04-01,192613
K02000001,United Kingdom,overview,2022-03-31,192409
K02000001,United Kingdom,overview,2022-03-30,192217
K02000001,United Kingdom,overview,2022-03-29,192037
K02000001,United Kingdom,overview,2022-03-28,191844
K02000001,United Kingdom,overview,2022-03-27,191668
K02000001,United Kingdom,overview,2022-03-26,191510
K02000001,United Kingdom,overview,2022-03-25,191349
K02000001,United Kingdom,overview,2022-03-24,191168
K02000001,United Kingdom,overview,2022-03-23,191004
K02000001,United Kingdom,overview,2022-03-22,190846
K02000001,United Kingdom,overview,2022-03-21,190679
K02000001,United Kingdom,overview,2022-03-20,190518
K02000001,United Kingdom,overview,2022-03-19,190344
K02000001,United Kingdom,overview,2022-03-18,190179
K02000001,United Kingdom,overview,2022-03-17,190009
K02000001,United Kingdom,overview,2022-03-16,189871
K02000001,United Kingdom,overview,2022-03-15,189725
K02000001,United Kingdom,overview,2022-03-14,189604
K02000001,United Kingdom,overview,2022-03-13,189464
K02000001,United Kingdom,overview,2022-03-12,189353
K02000001,United Kingdom,overview,2022-03-11,189233
K02000001,United Kingdom,overview,2022-03-10,189112
K02000001,United Kingdom,overview,2022-03-09,188998
K02000001,United Kingdom,overview,2022-03-08,188891
K02000001,United Kingdom,overview,2022-03-07,188772
K02000001,United Kingdom,overview,2022-03-06,188648
K02000001,United Kingdom,overview,2022-03-05,188555
K02000001,United Kingdom,overview,2022-03-04,188454
K02000001,United Kingdom,overview,2022-03-03,188344
K02000001,United Kingdom,overview,2022-03-02,188239
K02000001,United Kingdom,overview,2022-03-01,188094
K02000001,United Kingdom,overview,2022-02-28,187988
K02000001,United Kingdom,overview,2022-02-27,187883
K02000001,United Kingdom,overview,2022-02-26,187764
K02000001,United Kingdom,overview,2022-02-25,187662
K02000001,United Kingdom,overview,2022-02-24,187541
K02000001,United Kingdom,overview,2022-02-23,187416
K02000001,United Kingdom,overview,2022-02-22,187299
K02000001,United Kingdom,overview,2022-02-21,187179
K02000001,United Kingdom,overview,2022-02-20,187069
K02000001,United Kingdom,overview,2022-02-19,186943
K02000001,United Kingdom,overview,2022-02-18,186822
K02000001,United Kingdom,overview,2022-02-17,186695
K02000001,United Kingdom,overview,2022-02-16,186570
K02000001,United Kingdom,overview,2022-02-15,186439
K02000001,United Kingdom,overview,2022-02-14,186306
K02000001,United Kingdom,overview,2022-02-13,186149
K02000001,United Kingdom,overview,2022-02-12,186023
K02000001,United Kingdom,overview,2022-02-11,185879
K02000001,United Kingdom,overview,2022-02-10,185738
K02000001,United Kingdom,overview,2022-02-09,185615
K02000001,United Kingdom,overview,2022-02-08,185471
K02000001,United Kingdom,overview,2022-02-07,185312
K02000001,United Kingdom,overview,2022-02-06,185173
K02000001,United Kingdom,overview,2022-02-05,185015
K02000001,United Kingdom,overview,2022-02-04,184842
K02000001,United Kingdom,overview,2022-02-03,184683
K02000001,United Kingdom,overview,2022-02-02,184493
K02000001,United Kingdom,overview,2022-02-01,184306
K02000001,United Kingdom,overview,2022-01-31,184101
K02000001,United Kingdom,overview,2022-01-30,183894
K02000001,United Kingdom,overview,2022-01-29,183703
K02000001,United Kingdom,overview,2022-01-28,183522
K02000001,United Kingdom,overview,2022-01-27,183320
K02000001,United Kingdom,overview,2022-01-26,183101
K02000001,United Kingdom,overview,2022-01-25,182905
K02000001,United Kingdom,overview,2022-01-24,182711
K02000001,United Kingdom,overview,2022-01-23,182484
K02000001,United Kingdom,overview,2022-01-22,182266
K02000001,United Kingdom,overview,2022-01-21,182045
K02000001,United Kingdom,overview,2022-01-20,181797
K02000001,United Kingdom,overview,2022-01-19,181596
K02000001,United Kingdom,overview,2022-01-18,181375
K02000001,United Kingdom,overview,2022-01-17,181142
K02000001,United Kingdom,overview,2022-01-16,180911
K02000001,United Kingdom,overview,2022-01-15,180655
K02000001,United Kingdom,overview,2022-01-14,180396
K02000001,United Kingdom,overview,2022-01-13,180161
K02000001,United Kingdom,overview,2022-01-12,179919
K02000001,United Kingdom,overview,2022-01-11,179681
K02000001,United Kingdom,overview,2022-01-10,179448
K02000001,United Kingdom,overview,2022-01-09,179206
K02000001,United Kingdom,overview,2022-01-08,178965
K02000001,United Kingdom,overview,2022-01-07,178749
K02000001,United Kingdom,overview,2022-01-06,178521
K02000001,United Kingdom,overview,2022-01-05,178303
K02000001,United Kingdom,overview,2022-01-04,178123
K02000001,United Kingdom,overview,2022-01-03,177921
K02000001,United Kingdom,overview,2022-01-02,177742
K02000001,United Kingdom,overview,2022-01-01,177573
K02000001,United Kingdom,overview,2021-12-31,177397
K02000001,United Kingdom,overview,2021-12-30,177242
K02000001,United Kingdom,overview,2021-12-29,177065
K02000001,United Kingdom,overview,2021-12-28,176933
K02000001,United Kingdom,overview,2021-12-27,176771
K02000001,United Kingdom,overview,2021-12-26,176638
K02000001,United Kingdom,overview,2021-12-25,176522
K02000001,United Kingdom,overview,2021-12-24,176410
K02000001,United Kingdom,overview,2021-12-23,176293
K02000001,United Kingdom,overview,2021-12-22,176157
K02000001,United Kingdom,overview,2021-12-21,176021
K02000001,United Kingdom,overview,2021-12-20,175909
K02000001,United Kingdom,overview,2021-12-19,175773
K02000001,United Kingdom,overview,2021-12-18,175656
K02000001,United Kingdom,overview,2021-12-17,175549
K02000001,United Kingdom,overview,2021-12-16,175418
K02000001,United Kingdom,overview,2021-12-15,175300
K02000001,United Kingdom,overview,2021-12-14,175180
K02000001,United Kingdom,overview,2021-12-13,175028
K02000001,United Kingdom,overview,2021-12-12,174915
K02000001,United Kingdom,overview,2021-12-11,174778
K02000001,United Kingdom,overview,2021-12-10,174669
K02000001,United Kingdom,overview,2021-12-09,174547
K02000001,United Kingdom,overview,2021-12-08,174415
K02000001,United Kingdom,overview,2021-12-07,174282
K02000001,United Kingdom,overview,2021-12-06,174150
K02000001,United Kingdom,overview,2021-12-05,174007
K02000001,United Kingdom,overview,2021-12-04,173890
K02000001,United Kingdom,overview,2021-12-03,173727
K02000001,United Kingdom,overview,2021-12-02,173580
K02000001,United Kingdom,overview,2021-12-01,173457
K02000001,United Kingdom,overview,2021-11-30,173319
K02000001,United Kingdom,overview,2021-11-29,173197
K02000001,United Kingdom,overview,2021-11-28,173053
K02000001,United Kingdom,overview,2021-11-27,172909
K02000001,United Kingdom,overview,2021-11-26,172785
K02000001,United Kingdom,overview,2021-11-25,172653
K02000001,United Kingdom,overview,2021-11-24,172512
K02000001,United Kingdom,overview,2021-11-23,172388
K02000001,United Kingdom,overview,2021-11-22,172238
K02000001,United Kingdom,overview,2021-11-21,172107
K02000001,United Kingdom,overview,2021-11-20,171986
K02000001,United Kingdom,overview,2021-11-19,171843
K02000001,United Kingdom,overview,2021-11-18,171701
K02000001,United Kingdom,overview,2021-11-17,171570
K02000001,United Kingdom,overview,2021-11-16,171443
K02000001,United Kingdom,overview,2021-11-15,171277
K02000001,United Kingdom,overview,2021-11-14,171106
K02000001,United Kingdom,overview,2021-11-13,170972
K02000001,United Kingdom,overview,2021-11-12,170820
K02000001,United Kingdom,overview,2021-11-11,170674
K02000001,United Kingdom,overview,2021-11-10,170516
K02000001,United Kingdom,overview,2021-11-09,170346
K02000001,United Kingdom,overview,2021-11-08,170189
K02000001,United Kingdom,overview,2021-11-07,170028
K02000001,United Kingdom,overview,2021-11-06,169867
K02000001,United Kingdom,overview,2021-11-05,169696
K02000001,United Kingdom,overview,2021-11-04,169530
K02000001,United Kingdom,overview,2021-11-03,169361
K02000001,United Kingdom,overview,2021-11-02,169177
K02000001,United Kingdom,overview,2021-11-01,169012
K02000001,United Kingdom,overview,2021-10-31,168820
K02000001,United Kingdom,overview,2021-10-30,168624
K02000001,United Kingdom,overview,2021-10-29,168459
K02000001,United Kingdom,overview,2021-10-28,168274
K02000001,United Kingdom,overview,2021-10-27,168075
K02000001,United Kingdom,overview,2021-10-26,167898
K02000001,United Kingdom,overview,2021-10-25,167719
K02000001,United Kingdom,overview,2021-10-24,167570
K02000001,United Kingdom,overview,2021-10-23,167403
K02000001,United Kingdom,overview,2021-10-22,167231
K02000001,United Kingdom,overview,2021-10-21,167080
K02000001,United Kingdom,overview,2021-10-20,166915
K02000001,United Kingdom,overview,2021-10-19,166761
K02000001,United Kingdom,overview,2021-10-18,166618
K02000001,United Kingdom,overview,2021-10-17,166479
K02000001,United Kingdom,overview,2021-10-16,166338
K02000001,United Kingdom,overview,2021-10-15,166186
K02000001,United Kingdom,overview,2021-10-14,166046
K02000001,United Kingdom,overview,2021-10-13,165885
K02000001,United Kingdom,overview,2021-10-12,165748
K02000001,United Kingdom,overview,2021-10-11,165612
K02000001,United Kingdom,overview,2021-10-10,165474
K02000001,United Kingdom,overview,2021-10-09,165359
K02000001,United Kingdom,overview,2021-10-08,165238
K02000001,United Kingdom,overview,2021-10-07,165116
K02000001,United Kingdom,overview,2021-10-06,164983
K02000001,United Kingdom,overview,2021-10-05,164869
K02000001,United Kingdom,overview,2021-10-04,164734
K02000001,United Kingdom,overview,2021-10-03,164621
K02000001,United Kingdom,overview,2021-10-02,164514
K02000001,United Kingdom,overview,2021-10-01,164396
K02000001,United Kingdom,overview,2021-09-30,164257
K02000001,United Kingdom,overview,2021-09-29,164128
K02000001,United Kingdom,overview,2021-09-28,163986
K02000001,United Kingdom,overview,2021-09-27,163865
K02000001,United Kingdom,overview,2021-09-26,163738
K02000001,United Kingdom,overview,2021-09-25,163627
K02000001,United Kingdom,overview,2021-09-24,163499
K02000001,United Kingdom,overview,2021-09-23,163358
K02000001,United Kingdom,overview,2021-09-22,163209
K02000001,United Kingdom,overview,2021-09-21,163050
K02000001,United Kingdom,overview,2021-09-20,162911
K02000001,United Kingdom,overview,2021-09-19,162752
K02000001,United Kingdom,overview,2021-09-18,162615
K02000001,United Kingdom,overview,2021-09-17,162478
K02000001,United Kingdom,overview,2021-09-16,162294
K02000001,United Kingdom,overview,2021-09-15,162132
K02000001,United Kingdom,overview,2021-09-14,161963
K02000001,United Kingdom,overview,2021-09-13,161793
K02000001,United Kingdom,overview,2021-09-12,161674
K02000001,United Kingdom,overview,2021-09-11,161533
K02000001,United Kingdom,overview,2021-09-10,161388
K02000001,United Kingdom,overview,2021-09-09,161238
K02000001,United Kingdom,overview,2021-09-08,161058
K02000001,United Kingdom,overview,2021-09-07,160915
K02000001,United Kingdom,overview,2021-09-06,160749
K02000001,United Kingdom,overview,2021-09-05,160592
K02000001,United Kingdom,overview,2021-09-04,160428
K02000001,United Kingdom,overview,2021-09-03,160282
K02000001,United Kingdom,overview,2021-09-02,160130
K02000001,United Kingdom,overview,2021-09-01,159993
K02000001,United Kingdom,overview,2021-08-31,159868
K02000001,United Kingdom,overview,2021-08-30,159740
K02000001,United Kingdom,overview,2021-08-29,159631
K02000001,United Kingdom,overview,2021-08-28,159492
K02000001,United Kingdom,overview,2021-08-27,159358
K02000001,United Kingdom,overview,2021-08-26,159219
K02000001,United Kingdom,overview,2021-08-25,159094
K02000001,United Kingdom,overview,2021-08-24,158986
K02000001,United Kingdom,overview,2021-08-23,158868
K02000001,United Kingdom,overview,2021-08-22,158748
K02000001,United Kingdom,overview,2021-08-21,158619
K02000001,United Kingdom,overview,2021-08-20,158501
K02000001,United Kingdom,overview,2021-08-19,158374
K02000001,United Kingdom,overview,2021-08-18,158259
K02000001,United Kingdom,overview,2021-08-17,158148
K02000001,United Kingdom,overview,2021-08-16,158046
K02000001,United Kingdom,overview,2021-08-15,157957
K02000001,United Kingdom,overview,2021-08-14,157866
K02000001,United Kingdom,overview,2021-08-13,157762
K02000001,United Kingdom,overview,2021-08-12,157664
K02000001,United Kingdom,overview,2021-08-11,157558
K02000001,United Kingdom,overview,2021-08-10,157469
K02000001,United Kingdom,overview,2021-08-09,157384
K02000001,United Kingdom,overview,2021-08-08,157300
K02000001,United Kingdom,overview,2021-08-07,157216
K02000001,United Kingdom,overview,2021-08-06,157110
K02000001,United Kingdom,overview,2021-08-05,157012
K02000001,United Kingdom,overview,2021-08-04,156911
K02000001,United Kingdom,overview,2021-08-03,156819
K02000001,United Kingdom,overview,2021-08-02,156739
K02000001,United Kingdom,overview,2021-08-01,156647
K02000001,United Kingdom,overview,2021-07-31,156550
K02000001,United Kingdom,overview,2021-07-30,156458
K02000001,United Kingdom,overview,2021-07-29,156353
K02000001,United Kingdom,overview,2021-07-28,156265
K02000001,United Kingdom,overview,2021-07-27,156181
K02000001,United Kingdom,overview,2021-07-26,156104
K02000001,United Kingdom,overview,2021-07-25,156025
K02000001,United Kingdom,overview,2021-07-24,155952
K02000001,United Kingdom,overview,2021-07-23,155883
K02000001,United Kingdom,overview,2021-07-22,155800
K02000001,United Kingdom,overview,2021-07-21,155714
K02000001,United Kingdom,overview,2021-07-20,155653
K02000001,United Kingdom,overview,2021-07-19,155585
K02000001,United Kingdom,overview,2021-07-18,155497
K02000001,United Kingdom,overview,2021-07-17,155424
K02000001,United Kingdom,overview,2021-07-16,155364
K02000001,United Kingdom,overview,2021-07-15,155309
K02000001,United Kingdom,overview,2021-07-14,155255
K02000001,United Kingdom,overview,2021-07-13,155208
K02000001,United Kingdom,overview,2021-07-12,155158
K02000001,United Kingdom,overview,2021-07-11,155115
K02000001,United Kingdom,overview,2021-07-10,155079
K02000001,United Kingdom,overview,2021-07-09,155034
K02000001,United Kingdom,overview,2021-07-08,154981
K02000001,United Kingdom,overview,2021-07-07,154939
K02000001,United Kingdom,overview,2021-07-06,154903
K02000001,United Kingdom,overview,2021-07-05,154868
K02000001,United Kingdom,overview,2021-07-04,154839
K02000001,United Kingdom,overview,2021-07-03,154809
K02000001,United Kingdom,overview,2021-07-02,154778
K02000001,United Kingdom,overview,2021-07-01,154746
K02000001,United Kingdom,overview,2021-06-30,154718
K02000001,United Kingdom,overview,2021-06-29,154692
K02000001,United Kingdom,overview,2021-06-28,154668
K02000001,United Kingdom,overview,2021-06-27,154650
K02000001,United Kingdom,overview,2021-06-26,154626
K02000001,United Kingdom,overview,2021-06-25,154609
K02000001,United Kingdom,overview,2021-06-24,154587
K02000001,United Kingdom,overview,2021-06-23,154558
K02000001,United Kingdom,overview,2021-06-22,154549
K02000001,United Kingdom,overview,2021-06-21,154531
K02000001,United Kingdom,overview,2021-06-20,154518
K02000001,United Kingdom,overview,2021-06-19,154496
K02000001,United Kingdom,overview,2021-06-18,154476
K02000001,United Kingdom,overview,2021-06-17,154458
K02000001,United Kingdom,overview,2021-06-16,154449
K02000001,United Kingdom,overview,2021-06-15,154433
K02000001,United Kingdom,overview,2021-06-14,154412
K02000001,United Kingdom,overview,2021-06-13,154399
K02000001,United Kingdom,overview,2021-06-12,154387
K02000001,United Kingdom,overview,2021-06-11,154375
K02000001,United Kingdom,overview,2021-06-10,154362
K02000001,United Kingdom,overview,2021-06-09,154346
K02000001,United Kingdom,overview,2021-06-08,154329
K02000001,United Kingdom,overview,2021-06-07,154314
K02000001,United Kingdom,overview,2021-06-06,154308
K02000001,United Kingdom,overview,2021-06-05,154295
K02000001,United Kingdom,overview,2021-06-04,154288
K02000001,United Kingdom,overview,2021-06-03,154274
K02000001,United Kingdom,overview,2021-06-02,154258
K02000001,United Kingdom,overview,2021-06-01,154246
K02000001,United Kingdom,overview,2021-05-31,154236
K02000001,United Kingdom,overview,2021-05-30,154225
K02000001,United Kingdom,overview,2021-05-29,154216
K02000001,United Kingdom,overview,2021-05-28,154204
K02000001,United Kingdom,overview,2021-05-27,154190
K02000001,United Kingdom,overview,2021-05-26,154182
K02000001,United Kingdom,overview,2021-05-25,154168
K02000001,United Kingdom,overview,2021-05-24,154157
K02000001,United Kingdom,overview,2021-05-23,154141
K02000001,United Kingdom,overview,2021-05-22,154125
K02000001,United Kingdom,overview,2021-05-21,154121
K02000001,United Kingdom,overview,2021-05-20,154103
K02000001,United Kingdom,overview,2021-05-19,154096
K02000001,United Kingdom,overview,2021-05-18,154092
K02000001,United Kingdom,overview,2021-05-17,154081
K02000001,United Kingdom,overview,2021-05-16,154068
K02000001,United Kingdom,overview,2021-05-15,154054
K02000001,United Kingdom,overview,2021-05-14,154039
K02000001,United Kingdom,overview,2021-05-13,154025
K02000001,United Kingdom,overview,2021-05-12,154010
K02000001,United Kingdom,overview,2021-05-11,153995
K02000001,United Kingdom,overview,2021-05-10,153974
K02000001,United Kingdom,overview,2021-05-09,153966
K02000001,United Kingdom,overview,2021-05-08,153955
K02000001,United Kingdom,overview,2021-05-07,153935
K02000001,United Kingdom,overview,2021-05-06,153917
K02000001,United Kingdom,overview,2021-05-05,153900
K02000001,United Kingdom,overview,2021-05-04,153878
K02000001,United Kingdom,overview,2021-05-03,153863
K02000001,United Kingdom,overview,2021-05-02,153846
K02000001,United Kingdom,overview,2021-05-01,153827
K02000001,United Kingdom,overview,2021-04-30,153811
K02000001,United Kingdom,overview,2021-04-29,153795
K02000001,United Kingdom,overview,2021-04-28,153778
K02000001,United Kingdom,overview,2021-04-27,153757
K02000001,United Kingdom,overview,2021-04-26,153732
K02000001,United Kingdom,overview,2021-04-25,153711
K02000001,United Kingdom,overview,2021-04-24,153684
K02000001,United Kingdom,overview,2021-04-23,153660
K02000001,United Kingdom,overview,2021-04-22,153631
K02000001,United Kingdom,overview,2021-04-21,153598
K02000001,United Kingdom,overview,2021-04-20,153562
K02000001,United Kingdom,overview,2021-04-19,153527
K02000001,United Kingdom,overview,2021-04-18,153504
K02000001,United Kingdom,overview,2021-04-17,153473
K02000001,United Kingdom,overview,2021-04-16,153430
K02000001,United Kingdom,overview,2021-04-15,153398
K02000001,United Kingdom,overview,2021-04-14,153355
K02000001,United Kingdom,overview,2021-04-13,153320
K02000001,United Kingdom,overview,2021-04-12,153273
K02000001,United Kingdom,overview,2021-04-11,153235
K02000001,United Kingdom,overview,2021-04-10,153194
K02000001,United Kingdom,overview,2021-04-09,153151
K02000001,United Kingdom,overview,2021-04-08,153113
K02000001,United Kingdom,overview,2021-04-07,153051
K02000001,United Kingdom,overview,2021-04-06,153005
K02000001,United Kingdom,overview,2021-04-05,152960
K02000001,United Kingdom,overview,2021-04-04,152915
K02000001,United Kingdom,overview,2021-04-03,152862
K02000001,United Kingdom,overview,2021-04-02,152820
K02000001,United Kingdom,overview,2021-04-01,152770
K02000001,United Kingdom,overview,2021-03-31,152707
K02000001,United Kingdom,overview,2021-03-30,152633
K02000001,United Kingdom,overview,2021-03-29,152577
K02000001,United Kingdom,overview,2021-03-28,152506
K02000001,United Kingdom,overview,2021-03-27,152456
K02000001,United Kingdom,overview,2021-03-26,152391
K02000001,United Kingdom,overview,2021-03-25,152316
K02000001,United Kingdom,overview,2021-03-24,152237
K02000001,United Kingdom,overview,2021-03-23,152167
K02000001,United Kingdom,overview,2021-03-22,152072
K02000001,United Kingdom,overview,2021-03-21,151964
K02000001,United Kingdom,overview,2021-03-20,151837
K02000001,United Kingdom,overview,2021-03-19,151736
K02000001,United Kingdom,overview,2021-03-18,151632
K02000001,United Kingdom,overview,2021-03-17,151532
K02000001,United Kingdom,overview,2021-03-16,151405
K02000001,United Kingdom,overview,2021-03-15,151291
K02000001,United Kingdom,overview,2021-03-14,151152
K02000001,United Kingdom,overview,2021-03-13,151014
K02000001,United Kingdom,overview,2021-03-12,150879
K02000001,United Kingdom,overview,2021-03-11,150744
K02000001,United Kingdom,overview,2021-03-10,150571
K02000001,United Kingdom,overview,2021-03-09,150408
K02000001,United Kingdom,overview,2021-03-08,150223
K02000001,United Kingdom,overview,2021-03-07,150026
K02000001,United Kingdom,overview,2021-03-06,149829
K02000001,United Kingdom,overview,2021-03-05,149619
K02000001,United Kingdom,overview,2021-03-04,149397
K02000001,United Kingdom,overview,2021-03-03,149163
K02000001,United Kingdom,overview,2021-03-02,148945
K02000001,United Kingdom,overview,2021-03-01,148701
K02000001,United Kingdom,overview,2021-02-28,148404
K02000001,United Kingdom,overview,2021-02-27,148123
K02000001,United Kingdom,overview,2021-02-26,147815
K02000001,United Kingdom,overview,2021-02-25,147511
K02000001,United Kingdom,overview,2021-02-24,147156
K02000001,United Kingdom,overview,2021-02-23,146789
K02000001,United Kingdom,overview,2021-02-22,146408
K02000001,United Kingdom,overview,2021-02-21,146029
K02000001,United Kingdom,overview,2021-02-20,145618
K02000001,United Kingdom,overview,2021-02-19,145166
K02000001,United Kingdom,overview,2021-02-18,144697
K02000001,United Kingdom,overview,2021-02-17,144176
K02000001,United Kingdom,overview,2021-02-16,143670
K02000001,United Kingdom,overview,2021-02-15,143102
K02000001,United Kingdom,overview,2021-02-14,142487
K02000001,United Kingdom,overview,2021-02-13,141882
K02000001,United Kingdom,overview,2021-02-12,141296
K02000001,United Kingdom,overview,2021-02-11,140660
K02000001,United Kingdom,overview,2021-02-10,139984
K02000001,United Kingdom,overview,2021-02-09,139272
K02000001,United Kingdom,overview,2021-02-08,138549
K02000001,United Kingdom,overview,2021-02-07,137768
K02000001,United Kingdom,overview,2021-02-06,137015
K02000001,United Kingdom,overview,2021-02-05,136228
K02000001,United Kingdom,overview,2021-02-04,135354
K02000001,United Kingdom,overview,2021-02-03,134528
K02000001,United Kingdom,overview,2021-02-02,133552
K02000001,United Kingdom,overview,2021-02-01,132589
K02000001,United Kingdom,overview,2021-01-31,131582
K02000001,United Kingdom,overview,2021-01-30,130587
K02000001,United Kingdom,overview,2021-01-29,129561
K02000001,United Kingdom,overview,2021-01-28,128401
K02000001,United Kingdom,overview,2021-01-27,127177
K02000001,United Kingdom,overview,2021-01-26,125945
K02000001,United Kingdom,overview,2021-01-25,124772
K02000001,United Kingdom,overview,2021-01-24,123509
K02000001,United Kingdom,overview,2021-01-23,122270
K02000001,United Kingdom,overview,2021-01-22,120982
K02000001,United Kingdom,overview,2021-01-21,119647
K02000001,United Kingdom,overview,2021-01-20,118297
K02000001,United Kingdom,overview,2021-01-19,116914
K02000001,United Kingdom,overview,2021-01-18,115424
K02000001,United Kingdom,overview,2021-01-17,114023
K02000001,United Kingdom,overview,2021-01-16,112662
K02000001,United Kingdom,overview,2021-01-15,111243
K02000001,United Kingdom,overview,2021-01-14,109919
K02000001,United Kingdom,overview,2021-01-13,108578
K02000001,United Kingdom,overview,2021-01-12,107269
K02000001,United Kingdom,overview,2021-01-11,105949
K02000001,United Kingdom,overview,2021-01-10,104705
K02000001,United Kingdom,overview,2021-01-09,103532
K02000001,United Kingdom,overview,2021-01-08,102438
K02000001,United Kingdom,overview,2021-01-07,101386
K02000001,United Kingdom,overview,2021-01-06,100330
K02000001,United Kingdom,overview,2021-01-05,99316
K02000001,United Kingdom,overview,2021-01-04,98343
K02000001,United Kingdom,overview,2021-01-03,97447
K02000001,United Kingdom,overview,2021-01-02,96640
K02000001,United Kingdom,overview,2021-01-01,95807
K02000001,United Kingdom,overview,2020-12-31,94998
K02000001,United Kingdom,overview,2020-12-30,94174
K02000001,United Kingdom,overview,2020-12-29,93414
K02000001,United Kingdom,overview,2020-12-28,92701
K02000001,United Kingdom,overview,2020-12-27,91978
K02000001,United Kingdom,overview,2020-12-26,91260
K02000001,United Kingdom,overview,2020-12-25,90568
K02000001,United Kingdom,overview,2020-12-24,89913
K02000001,United Kingdom,overview,2020-12-23,89297
K02000001,United Kingdom,overview,2020-12-22,88668
K02000001,United Kingdom,overview,2020-12-21,88039
K02000001,United Kingdom,overview,2020-12-20,87437
K02000001,United Kingdom,overview,2020-12-19,86886
K02000001,United Kingdom,overview,2020-12-18,86338
K02000001,United Kingdom,overview,2020-12-17,85752
K02000001,United Kingdom,overview,2020-12-16,85185
K02000001,United Kingdom,overview,2020-12-15,84701
K02000001,United Kingdom,overview,2020-12-14,84194
K02000001,United Kingdom,overview,2020-12-13,83688
K02000001,United Kingdom,overview,2020-12-12,83208
K02000001,United Kingdom,overview,2020-12-11,82720
K02000001,United Kingdom,overview,2020-12-10,82229
K02000001,United Kingdom,overview,2020-12-09,81733
K02000001,United Kingdom,overview,2020-12-08,81285
K02000001,United Kingdom,overview,2020-12-07,80813
K02000001,United Kingdom,overview,2020-12-06,80347
K02000001,United Kingdom,overview,2020-12-05,79911
K02000001,United Kingdom,overview,2020-12-04,79504
K02000001,United Kingdom,overview,2020-12-03,79005
K02000001,United Kingdom,overview,2020-12-02,78501
K02000001,United Kingdom,overview,2020-12-01,78087
K02000001,United Kingdom,overview,2020-11-30,77662
K02000001,United Kingdom,overview,2020-11-29,77197
K02000001,United Kingdom,overview,2020-11-28,76696
K02000001,United Kingdom,overview,2020-11-27,76210
K02000001,United Kingdom,overview,2020-11-26,75750
K02000001,United Kingdom,overview,2020-11-25,75289
K02000001,United Kingdom,overview,2020-11-24,74790
K02000001,United Kingdom,overview,2020-11-23,74294
K02000001,United Kingdom,overview,2020-11-22,73786
K02000001,United Kingdom,overview,2020-11-21,73274
K02000001,United Kingdom,overview,2020-11-20,72776
K02000001,United Kingdom,overview,2020-11-19,72291
K02000001,United Kingdom,overview,2020-11-18,71806
K02000001,United Kingdom,overview,2020-11-17,71292
K02000001,United Kingdom,overview,2020-11-16,70826
K02000001,United Kingdom,overview,2020-11-15,70395
K02000001,United Kingdom,overview,2020-11-14,69938
K02000001,United Kingdom,overview,2020-11-13,69479
K02000001,United Kingdom,overview,2020-11-12,69029
K02000001,United Kingdom,overview,2020-11-11,68599
K02000001,United Kingdom,overview,2020-11-10,68190
K02000001,United Kingdom,overview,2020-11-09,67780
K02000001,United Kingdom,overview,2020-11-08,67287
K02000001,United Kingdom,overview,2020-11-07,66854
K02000001,United Kingdom,overview,2020-11-06,66437
K02000001,United Kingdom,overview,2020-11-05,66020
K02000001,United Kingdom,overview,2020-11-04,65632
K02000001,United Kingdom,overview,2020-11-03,65292
K02000001,United Kingdom,overview,2020-11-02,64915
K02000001,United Kingdom,overview,2020-11-01,64577
K02000001,United Kingdom,overview,2020-10-31,64218
K02000001,United Kingdom,overview,2020-10-30,63878
K02000001,United Kingdom,overview,2020-10-29,63526
K02000001,United Kingdom,overview,2020-10-28,63206
K02000001,United Kingdom,overview,2020-10-27,62925
K02000001,United Kingdom,overview,2020-10-26,62640
K02000001,United Kingdom,overview,2020-10-25,62358
K02000001,United Kingdom,overview,2020-10-24,62103
K02000001,United Kingdom,overview,2020-10-23,61884
K02000001,United Kingdom,overview,2020-10-22,61659
K02000001,United Kingdom,overview,2020-10-21,61417
K02000001,United Kingdom,overview,2020-10-20,61185
K02000001,United Kingdom,overview,2020-10-19,60975
K02000001,United Kingdom,overview,2020-10-18,60782
K02000001,United Kingdom,overview,2020-10-17,60615
K02000001,United Kingdom,overview,2020-10-16,60429
K02000001,United Kingdom,overview,2020-10-15,60267
K02000001,United Kingdom,overview,2020-10-14,60115
K02000001,United Kingdom,overview,2020-10-13,59992
K02000001,United Kingdom,overview,2020-10-12,59873
K02000001,United Kingdom,overview,2020-10-11,59753
K02000001,United Kingdom,overview,2020-10-10,59625
K02000001,United Kingdom,overview,2020-10-09,59518
K02000001,United Kingdom,overview,2020-10-08,59422
K02000001,United Kingdom,overview,2020-10-07,59325
K02000001,United Kingdom,overview,2020-10-06,59215
K02000001,United Kingdom,overview,2020-10-05,59131
K02000001,United Kingdom,overview,2020-10-04,59063
K02000001,United Kingdom,overview,2020-10-03,59000
K02000001,United Kingdom,overview,2020-10-02,58930
K02000001,United Kingdom,overview,2020-10-01,58856
K02000001,United Kingdom,overview,2020-09-30,58785
K02000001,United Kingdom,overview,2020-09-29,58724
K02000001,United Kingdom,overview,2020-09-28,58676
K02000001,United Kingdom,overview,2020-09-27,58621
K02000001,United Kingdom,overview,2020-09-26,58565
K02000001,United Kingdom,overview,2020-09-25,58518
K02000001,United Kingdom,overview,2020-09-24,58478
K02000001,United Kingdom,overview,2020-09-23,58444
K02000001,United Kingdom,overview,2020-09-22,58386
K02000001,United Kingdom,overview,2020-09-21,58347
K02000001,United Kingdom,overview,2020-09-20,58317
K02000001,United Kingdom,overview,2020-09-19,58277
K02000001,United Kingdom,overview,2020-09-18,58252
K02000001,United Kingdom,overview,2020-09-17,58222
K02000001,United Kingdom,overview,2020-09-16,58184
K02000001,United Kingdom,overview,2020-09-15,58153
K02000001,United Kingdom,overview,2020-09-14,58127
K02000001,United Kingdom,overview,2020-09-13,58106
K02000001,United Kingdom,overview,2020-09-12,58086
K02000001,United Kingdom,overview,2020-09-11,58063
K02000001,United Kingdom,overview,2020-09-10,58043
K02000001,United Kingdom,overview,2020-09-09,58027
K02000001,United Kingdom,overview,2020-09-08,58013
K02000001,United Kingdom,overview,2020-09-07,57997
K02000001,United Kingdom,overview,2020-09-06,57973
K02000001,United Kingdom,overview,2020-09-05,57960
K02000001,United Kingdom,overview,2020-09-04,57946
K02000001,United Kingdom,overview,2020-09-03,57931
K02000001,United Kingdom,overview,2020-09-02,57922
K02000001,United Kingdom,overview,2020-09-01,57907
K02000001,United Kingdom,overview,2020-08-31,57896
K02000001,United Kingdom,overview,2020-08-30,57878
K02000001,United Kingdom,overview,2020-08-29,57867
K02000001,United Kingdom,overview,2020-08-28,57859
K02000001,United Kingdom,overview,2020-08-27,57847
K02000001,United Kingdom,overview,2020-08-26,57835
K02000001,United Kingdom,overview,2020-08-25,57819
K02000001,United Kingdom,overview,2020-08-24,57797
K02000001,United Kingdom,overview,2020-08-23,57787
K02000001,United Kingdom,overview,2020-08-22,57770
K02000001,United Kingdom,overview,2020-08-21,57758
K02000001,United Kingdom,overview,2020-08-20,57748
K02000001,United Kingdom,overview,2020-08-19,57732
K02000001,United Kingdom,overview,2020-08-18,57719
K02000001,United Kingdom,overview,2020-08-17,57704
K02000001,United Kingdom,overview,2020-08-16,57683
K02000001,United Kingdom,overview,2020-08-15,57668
K02000001,United Kingdom,overview,2020-08-14,57645
K02000001,United Kingdom,overview,2020-08-13,57627
K02000001,United Kingdom,overview,2020-08-12,57604
K02000001,United Kingdom,overview,2020-08-11,57580
K02000001,United Kingdom,overview,2020-08-10,57560
K02000001,United Kingdom,overview,2020-08-09,57535
K02000001,United Kingdom,overview,2020-08-08,57516
K02000001,United Kingdom,overview,2020-08-07,57494
K02000001,United Kingdom,overview,2020-08-06,57470
K02000001,United Kingdom,overview,2020-08-05,57449
K02000001,United Kingdom,overview,2020-08-04,57436
K02000001,United Kingdom,overview,2020-08-03,57409
K02000001,United Kingdom,overview,2020-08-02,57386
K02000001,United Kingdom,overview,2020-08-01,57369
K02000001,United Kingdom,overview,2020-07-31,57349
K02000001,United Kingdom,overview,2020-07-30,57318
K02000001,United Kingdom,overview,2020-07-29,57301
K02000001,United Kingdom,overview,2020-07-28,57273
K02000001,United Kingdom,overview,2020-07-27,57247
K02000001,United Kingdom,overview,2020-07-26,57229
K02000001,United Kingdom,overview,2020-07-25,57197
K02000001,United Kingdom,overview,2020-07-24,57174
K02000001,United Kingdom,overview,2020-07-23,57155
K02000001,United Kingdom,overview,2020-07-22,57119
K02000001,United Kingdom,overview,2020-07-21,57085
K02000001,United Kingdom,overview,2020-07-20,57054
K02000001,United Kingdom,overview,2020-07-19,57023
K02000001,United Kingdom,overview,2020-07-18,56999
K02000001,United Kingdom,overview,2020-07-17,56968
K02000001,United Kingdom,overview,2020-07-16,56934
K02000001,United Kingdom,overview,2020-07-15,56913
K02000001,United Kingdom,overview,2020-07-14,56872
K02000001,United Kingdom,overview,2020-07-13,56830
K02000001,United Kingdom,overview,2020-07-12,56785
K02000001,United Kingdom,overview,2020-07-11,56753
K02000001,United Kingdom,overview,2020-07-10,56715
K02000001,United Kingdom,overview,2020-07-09,56671
K02000001,United Kingdom,overview,2020-07-08,56610
K02000001,United Kingdom,overview,2020-07-07,56563
K02000001,United Kingdom,overview,2020-07-06,56520
K02000001,United Kingdom,overview,2020-07-05,56466
K02000001,United Kingdom,overview,2020-07-04,56414
K02000001,United Kingdom,overview,2020-07-03,56362
K02000001,United Kingdom,overview,2020-07-02,56314
K02000001,United Kingdom,overview,2020-07-01,56253
K02000001,United Kingdom,overview,2020-06-30,56199
K02000001,United Kingdom,overview,2020-06-29,56118
K02000001,United Kingdom,overview,2020-06-28,56049
K02000001,United Kingdom,overview,2020-06-27,55978
K02000001,United Kingdom,overview,2020-06-26,55905
K02000001,United Kingdom,overview,2020-06-25,55826
K02000001,United Kingdom,overview,2020-06-24,55718
K02000001,United Kingdom,overview,2020-06-23,55617
K02000001,United Kingdom,overview,2020-06-22,55520
K02000001,United Kingdom,overview,2020-06-21,55437
K02000001,United Kingdom,overview,2020-06-20,55357
K02000001,United Kingdom,overview,2020-06-19,55270
K02000001,United Kingdom,overview,2020-06-18,55182
K02000001,United Kingdom,overview,2020-06-17,55092
K02000001,United Kingdom,overview,2020-06-16,54987
K02000001,United Kingdom,overview,2020-06-15,54867
K02000001,United Kingdom,overview,2020-06-14,54760
K02000001,United Kingdom,overview,2020-06-13,54624
K02000001,United Kingdom,overview,2020-06-12,54523
K02000001,United Kingdom,overview,2020-06-11,54388
K02000001,United Kingdom,overview,2020-06-10,54267
K02000001,United Kingdom,overview,2020-06-09,54101
K02000001,United Kingdom,overview,2020-06-08,53964
K02000001,United Kingdom,overview,2020-06-07,53803
K02000001,United Kingdom,overview,2020-06-06,53640
K02000001,United Kingdom,overview,2020-06-05,53489
K02000001,United Kingdom,overview,2020-06-04,53305
K02000001,United Kingdom,overview,2020-06-03,53122
K02000001,United Kingdom,overview,2020-06-02,52919
K02000001,United Kingdom,overview,2020-06-01,52686
K02000001,United Kingdom,overview,2020-05-31,52487
K02000001,United Kingdom,overview,2020-05-30,52292
K02000001,United Kingdom,overview,2020-05-29,52073
K02000001,United Kingdom,overview,2020-05-28,51819
K02000001,United Kingdom,overview,2020-05-27,51531
K02000001,United Kingdom,overview,2020-05-26,51249
K02000001,United Kingdom,overview,2020-05-25,50949
K02000001,United Kingdom,overview,2020-05-24,50670
K02000001,United Kingdom,overview,2020-05-23,50389
K02000001,United Kingdom,overview,2020-05-22,50105
K02000001,United Kingdom,overview,2020-05-21,49805
K02000001,United Kingdom,overview,2020-05-20,49463
K02000001,United Kingdom,overview,2020-05-19,49110
K02000001,United Kingdom,overview,2020-05-18,48738
K02000001,United Kingdom,overview,2020-05-17,48331
K02000001,United Kingdom,overview,2020-05-16,47954
K02000001,United Kingdom,overview,2020-05-15,47535
K02000001,United Kingdom,overview,2020-05-14,47114
K02000001,United Kingdom,overview,2020-05-13,46649
K02000001,United Kingdom,overview,2020-05-12,46195
K02000001,United Kingdom,overview,2020-05-11,45754
K02000001,United Kingdom,overview,2020-05-10,45326
K02000001,United Kingdom,overview,2020-05-09,44832
K02000001,United Kingdom,overview,2020-05-08,44293
K02000001,United Kingdom,overview,2020-05-07,43724
K02000001,United Kingdom,overview,2020-05-06,43093
K02000001,United Kingdom,overview,2020-05-05,42466
K02000001,United Kingdom,overview,2020-05-04,41824
K02000001,United Kingdom,overview,2020-05-03,41148
K02000001,United Kingdom,overview,2020-05-02,40486
K02000001,United Kingdom,overview,2020-05-01,39781
K02000001,United Kingdom,overview,2020-04-30,38995
K02000001,United Kingdom,overview,2020-04-29,38215
K02000001,United Kingdom,overview,2020-04-28,37398
K02000001,United Kingdom,overview,2020-04-27,36597
K02000001,United Kingdom,overview,2020-04-26,35731
K02000001,United Kingdom,overview,2020-04-25,34837
K02000001,United Kingdom,overview,2020-04-24,33918
K02000001,United Kingdom,overview,2020-04-23,32913
K02000001,United Kingdom,overview,2020-04-22,31875
K02000001,United Kingdom,overview,2020-04-21,30773
K02000001,United Kingdom,overview,2020-04-20,29688
K02000001,United Kingdom,overview,2020-04-19,28528
K02000001,United Kingdom,overview,2020-04-18,27406
K02000001,United Kingdom,overview,2020-04-17,26217
K02000001,United Kingdom,overview,2020-04-16,24945
K02000001,United Kingdom,overview,2020-04-15,23623
K02000001,United Kingdom,overview,2020-04-14,22347
K02000001,United Kingdom,overview,2020-04-13,21093
K02000001,United Kingdom,overview,2020-04-12,19861
K02000001,United Kingdom,overview,2020-04-11,18483
K02000001,United Kingdom,overview,2020-04-10,17118
K02000001,United Kingdom,overview,2020-04-09,15799
K02000001,United Kingdom,overview,2020-04-08,14424
K02000001,United Kingdom,overview,2020-04-07,12963
K02000001,United Kingdom,overview,2020-04-06,11670
K02000001,United Kingdom,overview,2020-04-05,10500
K02000001,United Kingdom,overview,2020-04-04,9280
K02000001,United Kingdom,overview,2020-04-03,8133
K02000001,United Kingdom,overview,2020-04-02,7072
K02000001,United Kingdom,overview,2020-04-01,6065
K02000001,United Kingdom,overview,2020-03-31,5141
K02000001,United Kingdom,overview,2020-03-30,4310
K02000001,United Kingdom,overview,2020-03-29,3599
K02000001,United Kingdom,overview,2020-03-28,3013
K02000001,United Kingdom,overview,2020-03-27,2497
K02000001,United Kingdom,overview,2020-03-26,2034
K02000001,United Kingdom,overview,2020-03-25,1621
K02000001,United Kingdom,overview,2020-03-24,1284
K02000001,United Kingdom,overview,2020-03-23,1021
K02000001,United Kingdom,overview,2020-03-22,813
K02000001,United Kingdom,overview,2020-03-21,630
K02000001,United Kingdom,overview,2020-03-20,486
K02000001,United Kingdom,overview,2020-03-19,368
K02000001,United Kingdom,overview,2020-03-18,289
K02000001,United Kingdom,overview,2020-03-17,216
K02000001,United Kingdom,overview,2020-03-16,158
K02000001,United Kingdom,overview,2020-03-15,107
K02000001,United Kingdom,overview,2020-03-14,76
K02000001,United Kingdom,overview,2020-03-13,55
K02000001,United Kingdom,overview,2020-03-12,39
K02000001,United Kingdom,overview,2020-03-11,26
K02000001,United Kingdom,overview,2020-03-10,19
K02000001,United Kingdom,overview,2020-03-09,16
K02000001,United Kingdom,overview,2020-03-08,11
K02000001,United Kingdom,overview,2020-03-07,9
K02000001,United Kingdom,overview,2020-03-06,9
K02000001,United Kingdom,overview,2020-03-05,7
K02000001,United Kingdom,overview,2020-03-04,5
K02000001,United Kingdom,overview,2020-03-03,4
K02000001,United Kingdom,overview,2020-03-02,4
K02000001,United Kingdom,overview,2020-03-01,3
K02000001,United Kingdom,overview,2020-02-29,3
K02000001,United Kingdom,overview,2020-02-28,3
K02000001,United Kingdom,overview,2020-02-27,3
K02000001,United Kingdom,overview,2020-02-26,3
K02000001,United Kingdom,overview,2020-02-25,3
K02000001,United Kingdom,overview,2020-02-24,3
K02000001,United Kingdom,overview,2020-02-23,3
K02000001,United Kingdom,overview,2020-02-22,3
K02000001,United Kingdom,overview,2020-02-21,2
K02000001,United Kingdom,overview,2020-02-20,2
K02000001,United Kingdom,overview,2020-02-19,2
K02000001,United Kingdom,overview,2020-02-18,2
K02000001,United Kingdom,overview,2020-02-17,2
K02000001,United Kingdom,overview,2020-02-16,2
K02000001,United Kingdom,overview,2020-02-15,2
K02000001,United Kingdom,overview,2020-02-14,2
K02000001,United Kingdom,overview,2020-02-13,2
K02000001,United Kingdom,overview,2020-02-12,2
K02000001,United Kingdom,overview,2020-02-11,2
K02000001,United Kingdom,overview,2020-02-10,2
K02000001,United Kingdom,overview,2020-02-09,2
K02000001,United Kingdom,overview,2020-02-08,2
K02000001,United Kingdom,overview,2020-02-07,2
K02000001,United Kingdom,overview,2020-02-06,2
K02000001,United Kingdom,overview,2020-02-05,2
K02000001,United Kingdom,overview,2020-02-04,2
K02000001,United Kingdom,overview,2020-02-03,2
K02000001,United Kingdom,overview,2020-02-02,2
K02000001,United Kingdom,overview,2020-02-01,1
K02000001,United Kingdom,overview,2020-01-31,1
K02000001,United Kingdom,overview,2020-01-30,1
